Mams,contenue du message
Mams,contenue du message
Mams,contenue du message
Mams,contenue du message
Mams,contenue du message
Mams,contenue du message
Mams,contenue du message
Mams,contenue du message
Mams,contenue du message
Mams,contenue du message
Mams,contenue du message
Mams,contenue du message
Mams,contenue du message
Mams,contenue du message
Mams,contenue du message
Mams,contenue du message
Mams,contenue du message
Mams,contenue du message
Mams,contenue du message
Mams,contenue du message
Mams,contenue du message
Mams,contenue du message
Mams,contenue du message
Mams,contenue du message
Mams,contenue du message
Mams,contenue du message
Mams,contenue du message
Mams,contenue du message
Mams,contenue du message
Mams,contenue du message
Mams,contenue du message
Mams,contenue du message
Mams,contenue du message
Mams,contenue du message
Mams,contenue du message
Mams,contenue du message
Mams,contenue du message
Mams,contenue du message
Mams,contenue du message
Mams,contenue du message
Mams,contenue du message
Mams,contenue du message
Mams,contenue du message
Mams,contenue du message
Mams,contenue du message
